project,soil,dsp_pedon_id,lat,long,ID,mat,map,climate
Illinois,Drummer,IL-115-SW-WDFLD-001,39.866062,-88.798131,1,11.21483325958252,1000,cool_wet
Illinois,Drummer,IL-115-SW-WDFLD-002,39.865395,-88.799917,2,11.21483325958252,1000,cool_wet
Illinois,Drummer,IL-115-SW-WDFLD-003,39.868482,-88.798039,3,11.21483325958252,1000,cool_wet
Illinois,Drummer,IL-115-SW-ETAL-001,39.895068,-88.745608,4,11.113166809082031,1005,cool_wet
Illinois,Drummer,IL-115-SW-ETAL-002,39.895384,-88.746645,5,11.113166809082031,1005,cool_wet
Illinois,Dana,IL-115-SW-ETAL-003,39.90146,-88.746587,6,11.113166809082031,1005,cool_wet
Illinois,Drummer,IL-147-SW-TS-001,39.876683,-88.700021,7,11.108333587646484,1003,cool_wet
Illinois,Drummer,IL-147-SW-TS-002,39.878541,-88.700776,8,11.108333587646484,1003,cool_wet
Illinois,Drummer,IL-147-SW-TS-003,39.878261,-88.705988,9,11.108333587646484,1003,cool_wet
Illinois,Drummer,IL-147-SW-CRP-001,39.895694,-88.743611,10,11.113166809082031,1005,cool_wet
Illinois,Flanagan,IL-147-SW-CRP-002,39.896889,-88.743611,11,11.113166809082031,1005,cool_wet
Illinois,Dana,IL-147-SW-CRP-003,39.898194,-88.743333,12,11.113166809082031,1005,cool_wet
Illinois,Drummer,IL-019-SW-ARBRTM-001,40.0916401,-88.216396,13,11.226499557495117,1011,cool_wet
Illinois,Drummer,IL-019-SW-ARBRTM-002,40.0918033,-88.2161899,14,11.226499557495117,1011,cool_wet
Illinois,Drummer,IL-019-SW-ARBRTM-003,40.0914285,-88.2159005,15,11.226499557495117,1011,cool_wet
Illinois,Drummer,IL-019-SW-RTHRML-001,39.9295,-88.0238,16,11.027999877929688,1022,cool_wet
Illinois,Drummer,IL-019-SW-RTHRML-002,39.9295,-88.0238,17,11.027999877929688,1022,cool_wet
Illinois,Flanagan,IL-019-SW-RTHRML-003,39.9254322,-88.0275783,18,11.027999877929688,1022,cool_wet
Illinois,Flanagan,IL-019-SW-RTHRML-004,39.9254322,-88.0275783,19,11.027999877929688,1022,cool_wet
Illinois,Drummer,IL-115-SW-WDFLD-001A,39.866062,-88.798131,20,11.21483325958252,1000,cool_wet
Illinois,Drummer,IL-115-SW-ETAL-001A,39.895068,-88.745608,21,11.113166809082031,1005,cool_wet
Illinois,Drummer,IL-147-SW-TS-003A,39.878261,-88.705988,22,11.108333587646484,1003,cool_wet
Illinois,Drummer,IL-147-SW-CRP-001A,39.895694,-88.743611,23,11.113166809082031,1005,cool_wet
Illinois,Drummer,IL-019-SW-RTHRML-001A,39.9295,-88.0238,24,11.027999877929688,1022,cool_wet
Illinois,Flanagan,IL-019-SW-RTHRML-004A,39.92541,-88.027589,25,11.027999877929688,1022,cool_wet
OregonState,Jory,JoF1 - 1,44.6361175,-123.2972812,26,10.439666748046875,1702,cool_wet
OregonState,Jory,JoF1 - 2,44.6362175,-123.2973802,27,10.439666748046875,1702,cool_wet
OregonState,Jory,JoF1 - 3,44.6358175,-123.2974823,28,10.439666748046875,1702,cool_wet
OregonState,Jory,JoF2 - 1,44.918413,-123.355451,29,10.75433349609375,1556,cool_wet
OregonState,Jory,JoF2 - 2,44.918544,-123.355551,30,10.75433349609375,1556,cool_wet
OregonState,Jory,JoF2 - 3,44.918514,-123.355451,31,10.75433349609375,1556,cool_wet
OregonState,Woodburn,WoNT1 - 1,44.737333,-123.27097,32,11.279166221618652,1284,cool_wet
OregonState,Woodburn,WoNT1 - 2,44.737333,-123.27107,33,11.279166221618652,1284,cool_wet
OregonState,Woodburn,WoNT1 - 3,44.737633,-123.27077,34,11.279166221618652,1284,cool_wet
OregonState,Jory,JoV1 - 1,45.24882,-123.07116,35,11.384166717529297,1036,cool_wet
OregonState,Jory,JoV1 - 2,45.24882,-123.07126,36,11.384166717529297,1036,cool_wet
OregonState,Jory,JoV1 - 3,45.24912,-123.07096,37,11.384166717529297,1036,cool_wet
OregonState,Woodburn,WoH1 - 1,45.2279,-122.96961,38,11.487166404724121,1011,cool_wet
OregonState,Woodburn,WoH1 - 2,45.2278,-122.96961,39,11.487166404724121,1011,cool_wet
OregonState,Woodburn,WoH1 - 3,45.2279,-122.96981,40,11.487166404724121,1011,cool_wet
OregonState,Woodburn,WoCT1 - 1,45.231102,-122.964818,41,11.487166404724121,1011,cool_wet
OregonState,Woodburn,WoCT1 - 2,45.231202,-122.964718,42,11.487166404724121,1011,cool_wet
OregonState,Woodburn,WoCT1 - 3,45.231402,-122.964618,43,11.487166404724121,1011,cool_wet
OregonState,Woodburn,WoNT2 - 1,45.07067,-123.21367,44,11.355833053588867,1131,cool_wet
OregonState,Woodburn,WoNT2 - 2,45.07057,-123.21377,45,11.355833053588867,1131,cool_wet
OregonState,Woodburn,WoNT2 - 3,45.07097,-123.21387,46,11.355833053588867,1131,cool_wet
OregonState,Woodburn,WoH2 - 1,45.074334,-123.213416,47,11.355833053588867,1131,cool_wet
OregonState,Woodburn,WoH2 - 2,45.074334,-123.213516,48,11.355833053588867,1131,cool_wet
OregonState,Woodburn,WoH2 - 3,45.074334,-123.213616,49,11.355833053588867,1131,cool_wet
OregonState,Jory,JoXT1 - 1,44.4319,-123.33523,50,10.982500076293945,1468,cool_wet
OregonState,Jory,JoXT1 - 2,44.4318,-123.33533,51,10.982500076293945,1468,cool_wet
OregonState,Jory,JoXT1 - 3,44.4316,-123.33503,52,10.982500076293945,1468,cool_wet
OregonState,Jory,JoF3 - 1,44.74261,-123.41895,53,10.579500198364258,1722,cool_wet
OregonState,Jory,JoF3 - 2,44.74261,-123.41905,54,10.579500198364258,1722,cool_wet
OregonState,Jory,JoF3 - 3,44.74261,-123.41875,55,10.579500198364258,1722,cool_wet
OregonState,Jory,JoV2 - 1,45.251054,-123.049801,56,10.831167221069336,1297,cool_wet
OregonState,Jory,JoV2 - 2,45.250954,-123.049901,57,10.831167221069336,1297,cool_wet
OregonState,Jory,JoV2 - 3,45.251354,-123.049601,58,10.831167221069336,1297,cool_wet
OregonState,Jory,JoXT2 - 1,45.04997,-123.13708,59,10.626832962036133,1450,cool_wet
OregonState,Jory,JoXT2 - 2,45.04987,-123.13718,60,10.626832962036133,1450,cool_wet
OregonState,Jory,JoXT2 - 3,45.04997,-123.13688,61,10.626832962036133,1450,cool_wet
OregonState,Jory,JoXT3 - 1,44.910377,-122.90909,62,11.120499610900879,1186,cool_wet
OregonState,Jory,JoXT3 - 2,44.910277,-122.90899,63,11.120499610900879,1186,cool_wet
OregonState,Jory,JoXT3 - 3,44.910077,-122.90889,64,11.120499610900879,1186,cool_wet
OregonState,Jory,JoV3 - 1,45.037101,-123.130763,65,11.041333198547363,1211,cool_wet
OregonState,Jory,JoV3 - 2,45.037201,-123.130863,66,11.041333198547363,1211,cool_wet
OregonState,Jory,JoV3 - 3,45.037101,-123.130563,67,11.041333198547363,1211,cool_wet
OregonState,Woodburn,WoH3 - 1,44.94845,-122.86279,68,11.209833145141602,1138,cool_wet
OregonState,Woodburn,WoH3 - 2,44.94855,-122.86289,69,11.209833145141602,1138,cool_wet
OregonState,Woodburn,WoH3 - 3,44.94815,-122.86259,70,11.209833145141602,1138,cool_wet
OregonState,Woodburn,WoCT2 - 1,45.014134,-122.842842,71,11.441166877746582,1053,cool_wet
OregonState,Woodburn,WoCT2 - 2,45.014034,-122.842742,72,11.441166877746582,1053,cool_wet
OregonState,Woodburn,WoCT2 - 3,45.013834,-122.843042,73,11.441166877746582,1053,cool_wet
OregonState,Woodburn,WoCT3 - 1,45.1251,-123.06167,74,11.435500144958496,1018,cool_wet
OregonState,Woodburn,WoCT3 - 2,45.1251,-123.06201,75,11.435500144958496,1018,cool_wet
OregonState,Woodburn,WoCT3 - 3,45.1248,-123.06134,76,11.442500114440918,1014,cool_wet
OregonState,Woodburn,WoNT3 - 1,44.950981,-122.856544,77,11.209833145141602,1138,cool_wet
OregonState,Woodburn,WoNT3 - 2,44.950981,-122.856644,78,11.209833145141602,1138,cool_wet
OregonState,Woodburn,WoNT3 - 3,44.950981,-122.856744,79,11.209833145141602,1138,cool_wet
UConn,Woodbridge,PaN1-1,41.797167,-72.22985,80,8.857999801635742,1252,cool_wet
UConn,Woodbridge,PaT1-1,41.79725,-72.229722,81,8.857999801635742,1252,cool_wet
UConn,Woodbridge,PaT1-2,41.797389,-72.2300556,82,8.857999801635742,1252,cool_wet
UConn,Woodbridge,PaN1-2,41.7975278,-72.23025,83,8.857999801635742,1252,cool_wet
UConn,Woodbridge,PaN1-3,41.79775,-72.2305556,84,8.857999801635742,1252,cool_wet
UConn,Woodbridge,PaT1-3,41.7975833,-72.2303333,85,8.857999801635742,1252,cool_wet
UConn,Canton,PaM1-1,41.8184833,-72.23745,86,8.857999801635742,1252,cool_wet
UConn,Canton,PaM1-2,41.8185,-72.2377833,87,8.857999801635742,1252,cool_wet
UConn,Woodbridge,PaU1-1,41.8184333,-72.2388333,88,8.857999801635742,1252,cool_wet
UConn,Woodbridge,PaU1-2,41.818491,-72.238939,89,8.857999801635742,1252,cool_wet
UConn,Woodbridge,PaM2-1,41.8207833,-72.25135,90,8.846333503723145,1257,cool_wet
UConn,Woodbridge,PaM2-2,41.821,-72.2543056,91,8.846333503723145,1257,cool_wet
UConn,Woodbridge,PaU2-1,41.8216111,-72.2532778,92,8.846333503723145,1257,cool_wet
UConn,Woodbridge,PaU2-2,41.82161667,-72.25333,93,8.846333503723145,1257,cool_wet
UConn,Woodbridge,PaL1-1,41.7995278,-72.188333,94,8.826166152954102,1251,cool_wet
UConn,Woodbridge,PaL1-2,41.7995556,-72.18838889,95,8.826166152954102,1251,cool_wet
UConn,Canton,PaL2-1,41.800011,-72.189595,96,8.826166152954102,1251,cool_wet
UConn,Canton,PaL2-2,41.80006,-72.1895,97,8.826166152954102,1251,cool_wet
UConn,Montauk,PaH1-1,41.9655,-71.9745277,98,8.590167045593262,1219,cool_wet
UConn,Montauk,PaH1-2,41.96552778,-71.9745556,99,8.590167045593262,1219,cool_wet
UConn,Montauk,PaN2-1,41.9655556,-71.9746667,100,8.590167045593262,1219,cool_wet
UConn,Montauk,PaN2-2,41.9654722,-71.97463889,101,8.590167045593262,1219,cool_wet
UConn,Montauk,PaN2-3,41.96552778,-71.9746667,102,8.590167045593262,1219,cool_wet
UConn,Woodbridge,PaH2-1,41.7541111,-72.2346389,103,9.041500091552734,1260,cool_wet
UConn,Woodbridge,PaH2-2,41.7541389,-72.2345833,104,9.041500091552734,1260,cool_wet
UConn,Woodbridge,PaT2-1,41.7537778,-72.2351944,105,9.041500091552734,1260,cool_wet
UConn,Woodbridge,PaT2-2,41.7538,-72.2351833,106,9.041500091552734,1260,cool_wet
UConn,Woodbridge,PaT2-3,41.7537833,-72.23521667,107,9.041500091552734,1260,cool_wet
UTRGV,Hidalgo,AX1-1,26.37183,-97.86129,108,23.07349967956543,673,warm_dry
UTRGV,Hidalgo,AX1-2,26.376803,-97.861285,109,23.059999465942383,678,warm_dry
UTRGV,Hidalgo,AX1-3,26.381147,-97.861396,110,23.059999465942383,678,warm_dry
UTRGV,Hidalgo,AX2-1,26.372257,-97.860439,111,23.07349967956543,673,warm_dry
UTRGV,Hidalgo,AX2-2,26.372359,-97.854799,112,23.07349967956543,673,warm_dry
UTRGV,Hidalgo,AX2-3,26.372348,-97.841816,113,23.07349967956543,673,warm_dry
UTRGV,Hidalgo,AX3-1,26.449237,-97.845711,114,22.996166229248047,682,warm_dry
UTRGV,Hidalgo,AX3-2,26.45138326,-97.84310718,115,22.996166229248047,682,warm_dry
UTRGV,Hidalgo,AX3-3,26.451224,-97.842418,116,22.996166229248047,682,warm_dry
UTRGV,Hidalgo,AY1-1,26.429164,-97.87775,117,22.969499588012695,668,warm_dry
UTRGV,Hidalgo,AY1-2,26.428431,-97.876675,118,22.969499588012695,668,warm_dry
UTRGV,Hidalgo,AY1-3,26.423498,-97.878012,119,22.969499588012695,668,warm_dry
UTRGV,Hidalgo,AY2-1,26.417867,-97.87736,120,22.969499588012695,668,warm_dry
UTRGV,Hidalgo,AY2-2,26.408338,-97.877546,121,22.976499557495117,667,warm_dry
UTRGV,Hidalgo,AY2-3,26.408107,-97.867819,122,23.059999465942383,678,warm_dry
UTRGV,Hidalgo,AY3-1,26.378011,-97.894115,123,22.976499557495117,667,warm_dry
UTRGV,Hidalgo,AY3-2,26.371559,-97.882158,124,23.023332595825195,658,warm_dry
UTRGV,Hidalgo,AY3-3,26.371856,-97.881485,125,23.023332595825195,658,warm_dry
UTRGV,Hidalgo,AZ1-1,26.442916,-97.814156,126,22.976333618164063,690,warm_dry
UTRGV,Hidalgo,AZ1-2,26.440373,-97.81413,127,22.976333618164063,690,warm_dry
UTRGV,Hidalgo,AZ1-3,26.441954,-97.814157,128,22.976333618164063,690,warm_dry
UTRGV,Hidalgo,AZ2-1,26.358343,-97.857232,129,23.07349967956543,673,warm_dry
UTRGV,Hidalgo,AZ2-2,26.358388,-97.846311,130,23.07349967956543,673,warm_dry
UTRGV,Hidalgo,AZ2-3,26.36504,-97.85824,131,23.07349967956543,673,warm_dry
UTRGV,Hidalgo,AZ3-1,26.389298,-97.852623,132,23.059999465942383,678,warm_dry
UTRGV,Hidalgo,AZ3-2,26.387731,-97.852666,133,23.059999465942383,678,warm_dry
UTRGV,Hidalgo,AZ3-3,26.387833,-97.849146,134,23.059999465942383,678,warm_dry
UTRGV,Hidalgo,AR2-1,26.309166,-98.203663,135,23.37433433532715,590,warm_dry
UTRGV,Hidalgo,AR2-2,26.30907954,-98.20307,136,23.37433433532715,590,warm_dry
UTRGV,Hidalgo,AR2-3,26.30896,-98.202272,137,23.37433433532715,590,warm_dry
UTRGV,Hidalgo,AR3-1,26.425936,-97.865571,138,22.996166229248047,682,warm_dry
UTRGV,Hidalgo,AR3-2,26.42575,-97.86555,139,22.996166229248047,682,warm_dry
UTRGV,Hidalgo,AR3-3,26.425912,-97.863987,140,22.996166229248047,682,warm_dry
KansasState,Keith,KeCF3 - 1,39.9519869,-100.89697,141,10.63800048828125,545,cool_dry
KansasState,Keith,KeCF3 - 2,39.9521612,-100.8967806,142,10.63800048828125,545,cool_dry
KansasState,Keith,KeCF3 - 3,39.9521612,-100.8967806,143,10.63800048828125,545,cool_dry
KansasState,Keith,KeC3 - 1,39.978288,-100.868944,144,10.547499656677246,544,cool_dry
KansasState,Keith,KeC3 - 2,39.978452,-100.868986,145,10.547499656677246,544,cool_dry
KansasState,Keith,KeC3 - 3,39.9783659,-100.8687585,146,10.547499656677246,544,cool_dry
KansasState,Keith,KeN3 - 1,39.9736474,-100.8692162,147,10.547499656677246,544,cool_dry
KansasState,Keith,KeN3 - 2,39.9739409,-100.8692095,148,10.547499656677246,544,cool_dry
KansasState,Keith,KeN3 - 3,39.9737363,-100.8690184,149,10.547499656677246,544,cool_dry
KansasState,Keith,KeCF1 - 1,39.2447359,-100.5431538,150,11.226166725158691,521,cool_dry
KansasState,Keith,KeCF1 - 2,39.2450134,-100.5430643,151,11.226166725158691,521,cool_dry
KansasState,Keith,KeCF1 - 3,39.2447102,-100.5427146,152,11.226166725158691,521,cool_dry
KansasState,Keith,KeN1 - 1,39.249205,-100.56165,153,11.226166725158691,521,cool_dry
KansasState,Keith,KeN1 - 2,39.249205,-100.56165,154,11.226166725158691,521,cool_dry
KansasState,Keith,KeN1 - 3,39.249205,-100.56165,155,11.226166725158691,521,cool_dry
KansasState,Keith,KeC1 - 1,39.244626,-100.557271,156,11.226166725158691,521,cool_dry
KansasState,Keith,KeC1 - 2,39.244626,-100.557271,157,11.226166725158691,521,cool_dry
KansasState,Keith,KeC1 - 3,39.244626,-100.557271,158,11.226166725158691,521,cool_dry
KansasState,Keith,KeC2 - 1,39.3817794,-101.0631493,159,10.632999420166016,486,cool_dry
KansasState,Keith,KeC2 - 2,39.3815262,-101.0632519,160,10.632999420166016,486,cool_dry
KansasState,Keith,KeC2 - 3,39.3816973,-101.0629297,161,10.632999420166016,486,cool_dry
KansasState,Keith,KeN2 - 1,39.3843208,-101.0636022,162,10.632999420166016,486,cool_dry
KansasState,Keith,KeN2 - 2,39.3840397,-101.0636425,163,10.632999420166016,486,cool_dry
KansasState,Keith,KeN2 - 3,39.384217,-101.063449,164,10.632999420166016,486,cool_dry
NCState,Cecil,CeC1-2,35.73571,-78.68135,165,15.360666275024414,1154,warm_wet
NCState,Cecil,CeC1-3,35.73594,-78.68177,166,15.360666275024414,1154,warm_wet
NCState,Cecil,CeC1-1,35.73547,-78.6893,167,15.360666275024414,1154,warm_wet
NCState,Cecil,CeC2-1,35.72791,-78.67495,168,15.360666275024414,1154,warm_wet
NCState,Cecil,CeC2-2,35.72765,-78.67525,169,15.360666275024414,1154,warm_wet
NCState,Cecil,CeC2-3,35.72739,-78.67555,170,15.360666275024414,1154,warm_wet
NCState,Cecil,CeC3-1,35.72451,-78.67194,171,15.360666275024414,1154,warm_wet
NCState,Cecil,CeC3-2,35.72481,-78.67194,172,15.360666275024414,1154,warm_wet
NCState,Cecil,CeC3-3,35.72511,-78.67194,173,15.360666275024414,1154,warm_wet
NCState,Cecil,CeF3-2,35.72619,-78.66952,174,15.360666275024414,1154,warm_wet
NCState,Cecil,CeF3-1,35.72612,-78.66969,175,15.360666275024414,1154,warm_wet
NCState,Cecil,CeH1-1,35.73409,-78.68048,176,15.360666275024414,1154,warm_wet
NCState,Cecil,CeH1-2,35.73443,-78.68042,177,15.360666275024414,1154,warm_wet
NCState,Cecil,CeH1-3,35.73477,-78.68036,178,15.360666275024414,1154,warm_wet
NCState,Cecil,CeH2-1,35.72877,-78.67504,179,15.360666275024414,1154,warm_wet
NCState,Cecil,CeH2-2,35.72871,-78.67478,180,15.360666275024414,1154,warm_wet
NCState,Cecil,CeH2-3,35.72865,-78.67452,181,15.360666275024414,1154,warm_wet
NCState,Cecil,CeH3-1,35.73246,-78.67191,182,15.360666275024414,1154,warm_wet
NCState,Cecil,CeH3-2,35.73285,-78.67204,183,15.360666275024414,1154,warm_wet
NCState,Cecil,CeH3-3,35.73325,-78.67215,184,15.360666275024414,1154,warm_wet
TexasA&MPt-1,Amarillo,NAT-1 - 1,32.060626,-102.406408,185,17.543832778930664,376,warm_dry
TexasA&MPt-1,Amarillo,NAT-2 - 2,33.059817,-102.406791,186,15.607999801635742,453,warm_dry
TexasA&MPt-1,Amarillo,NAT-3 - 3,33.060119,-102.406186,187,15.607999801635742,453,warm_dry
TexasA&MPt-1,Amarillo,CVT - 1 - 1,32.774177,-101.9472,188,16.16983413696289,462,warm_dry
TexasA&MPt-1,Amarillo,CVT - 1 - 2,32.774177,-101.9472,189,16.16983413696289,462,warm_dry
TexasA&MPt-1,Amarillo,CVT - 1 - 3,32.774177,-101.9472,190,16.16983413696289,462,warm_dry
TexasA&MPt-1,Amarillo,NTR - 1 - 1,32.775007,-101.947399,191,16.16983413696289,462,warm_dry
TexasA&MPt-1,Amarillo,NTR - 1 - 2,32.775007,-101.947399,192,16.16983413696289,462,warm_dry
TexasA&MPt-1,Amarillo,NTR - 1 - 3,32.775007,-101.947399,193,16.16983413696289,462,warm_dry
TexasA&MPt-1,Amarillo,NTM - 1 - 1,32.774275,-101.946881,194,16.16983413696289,462,warm_dry
TexasA&MPt-1,Amarillo,NTM - 1 - 2,32.774275,-101.946881,195,16.16983413696289,462,warm_dry
TexasA&MPt-1,Amarillo,NTM - 1 - 3,32.774275,-101.946881,196,16.16983413696289,462,warm_dry
TexasA&MPt-1,Amarillo,NTR - 2 - 1,32.775007,-101.947399,197,16.16983413696289,462,warm_dry
TexasA&MPt-1,Amarillo,NTR - 2 - 2,32.775007,-101.947399,198,16.16983413696289,462,warm_dry
TexasA&MPt-1,Amarillo,NTR - 2 - 3,32.775007,-101.947399,199,16.16983413696289,462,warm_dry
TexasA&MPt-1,Amarillo,NTM - 2 - 1,32.775004,-101.947229,200,16.16983413696289,462,warm_dry
TexasA&MPt-1,Amarillo,NTM - 2 - 2,32.775004,-101.947229,201,16.16983413696289,462,warm_dry
TexasA&MPt-1,Amarillo,NTM - 2 - 3,32.775004,-101.947229,202,16.16983413696289,462,warm_dry
TexasA&MPt-1,Amarillo,CVT - 2 - 1,32.774988,-101.947051,203,16.16983413696289,462,warm_dry
TexasA&MPt-1,Amarillo,CVT - 2 - 2,32.774988,-101.947051,204,16.16983413696289,462,warm_dry
TexasA&MPt-1,Amarillo,CVT - 2 - 3,32.774988,-101.947051,205,16.16983413696289,462,warm_dry
TexasA&MPt-1,Amarillo,NTM-3 - 1,32.775739,-101.94738,206,16.16983413696289,462,warm_dry
TexasA&MPt-1,Amarillo,NTM-3 - 2,32.775739,-101.94738,207,16.16983413696289,462,warm_dry
TexasA&MPt-1,Amarillo,NTM-3 - 3,32.775739,-101.94738,208,16.16983413696289,462,warm_dry
TexasA&MPt-1,Amarillo,CVT - 3 - 1,32.775734,-101.947185,209,16.16983413696289,462,warm_dry
TexasA&MPt-1,Amarillo,CVT - 3 - 2,32.775734,-101.947185,210,16.16983413696289,462,warm_dry
TexasA&MPt-1,Amarillo,CVT - 3 - 3,32.775734,-101.947185,211,16.16983413696289,462,warm_dry
TexasA&MPt-1,Amarillo,NTR - 3 - 1,32.775683,-101.947009,212,16.16983413696289,462,warm_dry
TexasA&MPt-1,Amarillo,NTR - 3 - 2,32.775683,-101.947009,213,16.16983413696289,462,warm_dry
TexasA&MPt-1,Amarillo,NTR - 3 - 3,32.775683,-101.947009,214,16.16983413696289,462,warm_dry
TexasA&MPt-2,Pullman,R-1-1,35.18025,-102.093806,215,13.280166625976563,472,cool_dry
TexasA&MPt-2,Pullman,MT-1-1,35.18025,-102.093806,216,13.280166625976563,472,cool_dry
TexasA&MPt-2,Pullman,MT-1-2,35.18025,-102.093806,217,13.280166625976563,472,cool_dry
TexasA&MPt-2,Pullman,MT-1-3,35.18025,-102.093806,218,13.280166625976563,472,cool_dry
TexasA&MPt-2,Pullman,NT-2-1,35.18025,-102.093806,219,13.280166625976563,472,cool_dry
TexasA&MPt-2,Pullman,NT-2-2,35.18025,-102.093806,220,13.280166625976563,472,cool_dry
TexasA&MPt-2,Pullman,NT-2-3,35.18025,-102.093806,221,13.280166625976563,472,cool_dry
TexasA&MPt-2,Pullman,MT-2-1,35.18025,-102.093806,222,13.280166625976563,472,cool_dry
TexasA&MPt-2,Pullman,MT-2-2,35.18025,-102.093806,223,13.280166625976563,472,cool_dry
TexasA&MPt-2,Pullman,MT-2-3,35.18025,-102.093806,224,13.280166625976563,472,cool_dry
TexasA&MPt-2,Pullman,NT - 3-1,35.18025,-102.093806,225,13.280166625976563,472,cool_dry
TexasA&MPt-2,Pullman,R-1-2,35.18025,-102.093806,226,13.280166625976563,472,cool_dry
TexasA&MPt-2,Pullman,NT - 3-2,35.18025,-102.093806,227,13.280166625976563,472,cool_dry
TexasA&MPt-2,Pullman,NT - 3-3,35.18025,-102.093806,228,13.280166625976563,472,cool_dry
TexasA&MPt-2,Pullman,MT-3-1,35.18025,-102.093806,229,13.280166625976563,472,cool_dry
TexasA&MPt-2,Pullman,MT-3-2,35.18025,-102.093806,230,13.280166625976563,472,cool_dry
TexasA&MPt-2,Pullman,MT-3-3,35.18025,-102.093806,231,13.280166625976563,472,cool_dry
TexasA&MPt-2,Pullman,R-1-3,35.18025,-102.093806,232,13.280166625976563,472,cool_dry
TexasA&MPt-2,Pullman,R-2-1,35.18025,-102.093806,233,13.280166625976563,472,cool_dry
TexasA&MPt-2,Pullman,R-2-2,35.18025,-102.093806,234,13.280166625976563,472,cool_dry
TexasA&MPt-2,Pullman,R-2-3,35.18025,-102.093806,235,13.280166625976563,472,cool_dry
TexasA&MPt-2,Pullman,NT-1-1,35.18025,-102.093806,236,13.280166625976563,472,cool_dry
TexasA&MPt-2,Pullman,NT-1-2,35.18025,-102.093806,237,13.280166625976563,472,cool_dry
TexasA&MPt-2,Pullman,NT-1-3,35.18025,-102.093806,238,13.280166625976563,472,cool_dry
UnivOfMinnesota,Readlyn,CON-1,43.74768,-92.845294,239,6.805333614349365,821,cool_dry
UnivOfMinnesota,Marquis,CON-2,43.747906,-92.845601,240,6.805333614349365,821,cool_dry
UnivOfMinnesota,Marquis,CON-3,43.747593,-92.844985,241,6.805333614349365,821,cool_dry
UnivOfMinnesota,Marquis,CON-4,43.750483,-92.84107,242,6.757166862487793,827,cool_dry
UnivOfMinnesota,Marquis,CON-5,43.75062,-92.84134,243,6.757166862487793,827,cool_dry
UnivOfMinnesota,Marquis,CON-6,43.75034,-92.84078,244,6.757166862487793,827,cool_dry
UnivOfMinnesota,Readlyn,CON-7,43.75222,-92.84329,245,6.757166862487793,827,cool_dry
UnivOfMinnesota,Readlyn,CON-8,43.75218,-92.843677,246,6.757166862487793,827,cool_dry
UnivOfMinnesota,Readlyn,CON-9,43.752284,-92.842882,247,6.757166862487793,827,cool_dry
UnivOfMinnesota,Marquis,ALT-1,43.74984,-92.85464,248,6.805333614349365,821,cool_dry
UnivOfMinnesota,Marquis,ALT-2,43.74981,-92.85499,249,6.805333614349365,821,cool_dry
UnivOfMinnesota,Marquis,ALT-3,43.74953,-92.85457,250,6.805333614349365,821,cool_dry
UnivOfMinnesota,Readlyn,ALT-4,43.74922,-92.85453,251,6.805333614349365,821,cool_dry
UnivOfMinnesota,Readlyn,ALT-5,43.74899,-92.85467,252,6.805333614349365,821,cool_dry
UnivOfMinnesota,Readlyn,ALT-6,43.74893,-92.85419,253,6.805333614349365,821,cool_dry
UnivOfMinnesota,Marquis,ALT-7,43.74876,-92.85348,254,6.805333614349365,821,cool_dry
UnivOfMinnesota,Marquis,ALT-8,43.74855,-92.85374,255,6.805333614349365,821,cool_dry
UnivOfMinnesota,Readlyn,ALT-9,43.749,-92.85341,256,6.805333614349365,821,cool_dry
UnivOfMinnesota,Kenyon,REF-1,43.746917,-92.845067,257,6.805333614349365,821,cool_dry
UnivOfMinnesota,Kenyon,REF-2,43.7469,-92.8454,258,6.805333614349365,821,cool_dry
UnivOfMinnesota,Kenyon,REF-3,43.746883,-92.84465,259,6.805333614349365,821,cool_dry
UnivOfMinnesota,Kenyon,REF-4,43.746883,-92.84395,260,6.805333614349365,821,cool_dry
UnivOfMinnesota,Kenyon,REF-5,43.7469,-92.844333,261,6.805333614349365,821,cool_dry
UnivOfMinnesota,Kenyon,REF-6,43.74685,-92.8436,262,6.805333614349365,821,cool_dry
UnivOfMinnesota,Kenyon,REF-7,43.74685,-92.843,263,6.805333614349365,821,cool_dry
UnivOfMinnesota,Kenyon,REF-8,43.7469,-92.84325,264,6.805333614349365,821,cool_dry
UnivOfMinnesota,Kenyon,REF-9,43.746867,-92.84265,265,6.805333614349365,821,cool_dry
WashingtonState,Palouse,AD1-ASP1,NA,NA,266,NA,NA,cool_dry
WashingtonState,Palouse,AD1-PGL1,NA,NA,267,NA,NA,cool_dry
WashingtonState,Palouse,ASP2-1,46.78188975,-117.0822114,268,8.233333587646484,611,cool_dry
WashingtonState,Palouse,CK1-ASP2,NA,NA,269,NA,NA,cool_dry
WashingtonState,Palouse,ASP2-2,46.78188975,-117.0822114,270,8.233333587646484,611,cool_dry
WashingtonState,Palouse,CK1-BAU1,NA,NA,271,NA,NA,cool_dry
WashingtonState,Palouse,ASP2-3,46.78188975,-117.0822114,272,8.233333587646484,611,cool_dry
WashingtonState,Palouse,BAU9-1,46.78188975,-117.0822114,273,8.233333587646484,611,cool_dry
WashingtonState,Palouse,BAU9-2,46.78188975,-117.0822114,274,8.233333587646484,611,cool_dry
WashingtonState,Palouse,BAU9-3,46.78188975,-117.0822114,275,8.233333587646484,611,cool_dry
WashingtonState,Palouse,EO1-ASP3,NA,NA,276,NA,NA,cool_dry
WashingtonState,Palouse,EO1-PLG2,NA,NA,277,NA,NA,cool_dry
WashingtonState,Palouse,ASP10-1,46.78836813,-117.4595977,278,9.623666763305664,461,cool_dry
WashingtonState,Palouse,JEA1-ASP4,NA,NA,279,NA,NA,cool_dry
WashingtonState,Palouse,ASP10-2,46.788368,-117.4595978,280,9.623666763305664,461,cool_dry
WashingtonState,Palouse,ASP10-3,46.78836851,-117.4595972,281,9.623666763305664,461,cool_dry
WashingtonState,Palouse,JEA1-PLG3,NA,NA,282,NA,NA,cool_dry
WashingtonState,Palouse,JEA2-ASP5,NA,NA,283,NA,NA,cool_dry
WashingtonState,Palouse,JEA2-PGL4,NA,NA,284,NA,NA,cool_dry
WashingtonState,Palouse,KRR1-BAU2,NA,NA,285,NA,NA,cool_dry
WashingtonState,Palouse,KRR1-PGL5,NA,NA,286,NA,NA,cool_dry
WashingtonState,Palouse,ASP6-1,46.78188975,-117.0822114,287,8.233333587646484,611,cool_dry
WashingtonState,Palouse,ASP6-2,46.78188975,-117.0822114,288,8.233333587646484,611,cool_dry
WashingtonState,Palouse,KUI1-BAU3,NA,NA,289,NA,NA,cool_dry
WashingtonState,Palouse,ASP6-3,46.78188975,-117.0822114,290,8.233333587646484,611,cool_dry
WashingtonState,Palouse,BAU3-1,46.78188975,-117.0822114,291,8.233333587646484,611,cool_dry
WashingtonState,Palouse,BAU3-2,46.74504916,-117.4236809,292,10.14466667175293,455,cool_dry
WashingtonState,Palouse,BAU3-3,46.74504916,-117.4236809,293,10.14466667175293,455,cool_dry
WashingtonState,Palouse,BAU8-1,46.74504916,-117.4236809,294,10.14466667175293,455,cool_dry
WashingtonState,Palouse,BAU8-2,46.74504915,-117.4236809,295,10.14466667175293,455,cool_dry
WashingtonState,Palouse,BAU8-3,46.74504922,-117.4236808,296,10.14466667175293,455,cool_dry
WashingtonState,Palouse,LYM1-PGL6,NA,NA,297,NA,NA,cool_dry
WashingtonState,Palouse,LYM-BAU4,NA,NA,298,NA,NA,cool_dry
WashingtonState,Palouse,PCF1-ASP7,NA,NA,299,NA,NA,cool_dry
WashingtonState,Palouse,PCF2-PGL8,NA,NA,300,NA,NA,cool_dry
WashingtonState,Palouse,PCFS1- BAU5,NA,NA,301,NA,NA,cool_dry
WashingtonState,Palouse,PCFS1-PGL7,NA,NA,302,NA,NA,cool_dry
WashingtonState,Palouse,PGL7-7a,46.75739636,-117.1998969,303,8.493000030517578,542,cool_dry
WashingtonState,Palouse,PGL7-7b,46.75739636,-117.1998969,304,8.493000030517578,542,cool_dry
WashingtonState,Palouse,PGL7-7c,46.75739636,-117.1998969,305,8.493000030517578,542,cool_dry
WashingtonState,Palouse,PCFS2-ASP8,NA,NA,306,NA,NA,cool_dry
WashingtonState,Palouse,PCFS2-BAU6,NA,NA,307,NA,NA,cool_dry
WashingtonState,Palouse,ASP9-1,46.75757137,-117.2000596,308,8.493000030517578,542,cool_dry
WashingtonState,Palouse,ASP9-2,46.75757137,-117.2000596,309,8.493000030517578,542,cool_dry
WashingtonState,Palouse,ASP9-3,46.74504918,-117.4236807,310,10.14466667175293,455,cool_dry
WashingtonState,Palouse,PGL9-1,46.75757146,-117.20006,311,8.493000030517578,542,cool_dry
WashingtonState,Palouse,PGL9-2,46.75739636,-117.1998969,312,8.493000030517578,542,cool_dry
WashingtonState,Palouse,PGL9-3,46.75739636,-117.1998969,313,8.493000030517578,542,cool_dry
WashingtonState,Palouse,PCFS3-ASP9,NA,NA,314,NA,NA,cool_dry
WashingtonState,Palouse,PCFS3-BAU7,NA,NA,315,NA,NA,cool_dry
WashingtonState,Palouse,PCFS3-PGL9,NA,NA,316,NA,NA,cool_dry
